bidding_zone,Country,Tech,Cap_MW_2021,CapacityFactor,ACM_MW_2021
AT,AT,Biomass,497.0,0.4989440981872201,248.0
AT,AT,Gas,4449.0,0.2599880473579576,1157.0
AT,AT,Geothermal,1.0,0.0183,0.0
AT,AT,Hydro Run-of-river and poundage,5941.0,0.5658111246344149,3361.0
AT,AT,Hydro Water Reservoir,2430.0,0.2238659062306044,544.0
AT,AT,Oil,164.0,0.0,0.0
AT,AT,Other,957.0,0.9649122807017544,923.0
AT,AT,Solar,2763.0,0.114668,317.0
AT,AT,Waste,103.0,0.6666666666666666,69.0
AT,AT,Wind Onshore,3422.0,0.24124,826.0
BE,BE,Biomass,672.0,0.4382892473772404,295.0
BE,BE,Gas,7282.0,0.5012609967047585,3650.0
BE,BE,Hydro Run-of-river and poundage,176.0,0.1030812189231537,18.0
BE,BE,Nuclear,5943.0,0.7956418932676254,4728.0
BE,BE,Oil,275.0,0.0010193022465949,0.0
BE,BE,Other,19.0,0.0,0.0
BE,BE,Solar,5934.0,0.10796,641.0
BE,BE,Waste,362.0,0.6332656484172094,229.0
BE,BE,Wind Offshore,2262.0,0.350161,792.0
BE,BE,Wind Onshore,2687.0,0.236671,636.0
BG,BG,Biomass,75.0,0.3599160804640257,27.0
BG,BG,Fossil Brown coal/Lignite,4119.0,0.5101867279485534,2101.0
BG,BG,Fossil Hard coal,356.0,0.1682234749371504,60.0
BG,BG,Gas,1266.0,0.2035433530510585,258.0
BG,BG,Hydro Run-of-river and poundage,539.0,0.2320920809843286,125.0
BG,BG,Hydro Water Reservoir,1810.0,0.1137003330053735,206.0
BG,BG,Nuclear,2000.0,0.9451090753424658,1890.0
BG,BG,Solar,1275.0,0.147785,188.0
BG,BG,Waste,6.0,0.5819444444444445,3.0
BG,BG,Wind Onshore,704.0,0.229438,162.0
CH,CH,Hydro Run-of-river and poundage,4180.0,0.49,2048.0
CH,CH,Hydro Water Reservoir,8220.0,0.27,2219.0
CH,CH,Nuclear,2970.0,0.8706059535364775,2586.0
CH,CH,Solar,3515.0,0.100359,353.0
CH,CH,Wind Onshore,88.0,0.197075,17.0
CZ,CZ,Biomass,410.0,0.5582611301369863,229.0
CZ,CZ,Fossil Brown coal/Lignite,7700.0,0.4292280132933452,3305.0
CZ,CZ,Fossil Hard coal,1200.0,0.1904654680365296,229.0
CZ,CZ,Gas,1606.0,0.48879188772696,785.0
CZ,CZ,Hydro Run-of-river and poundage,338.0,0.2893975747135865,98.0
CZ,CZ,Hydro Water Reservoir,753.0,0.1639718144166105,123.0
CZ,CZ,Nuclear,4040.0,0.8075532630317827,3263.0
CZ,CZ,Other renewable,410.0,0.6742314497716895,276.0
CZ,CZ,Solar,2177.0,0.124027,270.0
CZ,CZ,Waste,100.0,0.2127180365296803,21.0
CZ,CZ,Wind Onshore,339.0,0.222451,75.0
DE-LU,DE,Biomass,8400.0,0.5839463435257832,4905.0
DE-LU,DE,Fossil Brown coal/Lignite,20487.0,0.5530306133105938,11330.0
DE-LU,DE,Fossil Hard coal,23499.0,0.2158051472360374,5071.0
DE-LU,DE,Gas,31942.0,0.2048359227366803,6543.0
DE-LU,DE,Geothermal,44.0,0.599167,26.0
DE-LU,DE,Hydro Run-of-river and poundage,3814.0,0.4183232838008249,1595.0
DE-LU,DE,Hydro Water Reservoir,1298.0,0.1731480113416496,225.0
DE-LU,DE,Nuclear,8114.0,0.8522310777714438,6915.0
DE-LU,DE,Oil,4184.0,0.1040866846128365,435.0
DE-LU,DE,Other,1639.0,0.3076408222875418,504.0
DE-LU,DE,Other renewable,420.0,0.3518510359090275,148.0
DE-LU,DE,Solar,57461.0,0.107106,6154.0
DE-LU,DE,Waste,1640.0,0.4089033648038913,671.0
DE-LU,DE,Wind Offshore,7807.0,0.370956,2896.0
DE-LU,DE,Wind Onshore,55904.0,0.203518,11377.0
DK1,DK,Biomass,691.0,0.2456986937775444,170.0
DK1,DK,Fossil Hard coal,1943.0,0.1191314334102694,231.0
DK1,DK,Gas,1018.0,0.1647565485090594,168.0
DK1,DK,Hydro Run-of-river and poundage,7.0,0.0,0.0
DK1,DK,Oil,196.0,0.0301504763459436,6.0
DK1,DK,Other renewable,113.0,0.0,0.0
DK1,DK,Solar,1205.0,0.09824,118.0
DK1,DK,Waste,211.0,0.3906059741248097,82.0
DK1,DK,Wind Offshore,1277.0,0.397587,508.0
DK1,DK,Wind Onshore,3888.0,0.240527,935.0
DK2,DK,Biomass,1179.0,0.2456986937775444,290.0
DK2,DK,Fossil Hard coal,1222.0,0.1191314334102694,146.0
DK2,DK,Gas,603.0,0.1647565485090594,99.0
DK2,DK,Oil,801.0,0.0301504763459436,24.0
DK2,DK,Other renewable,24.0,0.0,0.0
DK2,DK,Solar,499.0,0.09824,49.0
DK2,DK,Waste,173.0,0.3906059741248097,68.0
DK2,DK,Wind Offshore,1028.0,0.397587,409.0
DK2,DK,Wind Onshore,756.0,0.240527,182.0
EE,EE,Biomass,175.0,0.4146232005298197,73.0
EE,EE,Gas,172.0,0.3231525935535128,56.0
EE,EE,Hydro Run-of-river and poundage,8.0,0.3510634210071279,3.0
EE,EE,Oil,1462.0,0.2316047350898989,339.0
EE,EE,Other renewable,10.0,0.4885613157478278,5.0
EE,EE,Solar,395.0,0.106394,42.0
EE,EE,Waste,17.0,0.7224537344899096,12.0
EE,EE,Wind Onshore,316.0,0.263295,83.0
FI,FI,Biomass,1860.0,0.3763806204375867,700.0
FI,FI,Fossil Hard coal,1682.0,0.233893986954831,393.0
FI,FI,Fossil Peat,1135.0,0.3739861806770865,424.0
FI,FI,Gas,1849.0,0.2681242954853747,496.0
FI,FI,Hydro Run-of-river and poundage,3153.0,0.4149903105835117,1308.0
FI,FI,Nuclear,2794.0,0.9385411491765246,2622.0
FI,FI,Oil,1089.0,0.0010496073823579,1.0
FI,FI,Other,436.0,0.2880540289284445,126.0
FI,FI,Other renewable,273.0,0.0907649734378053,25.0
FI,FI,Solar,398.0,0.081954,33.0
FI,FI,Waste,163.0,0.1824157287031381,30.0
FI,FI,Wind Offshore,32.0,0.843443,27.0
FI,FI,Wind Onshore,3225.0,0.305363,985.0
FR,FR,Biomass,1579.0,0.1818351860653741,287.0
FR,FR,Fossil Hard coal,2977.0,0.0459658524398022,137.0
FR,FR,Gas,12218.0,0.3616238259736052,4418.0
FR,FR,Hydro Run-of-river and poundage,9554.0,0.4206658413726556,4019.0
FR,FR,Hydro Water Reservoir,6655.0,0.1902015800553857,1266.0
FR,FR,Marine,246.0,0.2,49.0
FR,FR,Nuclear,61370.0,0.6835128823830221,41947.0
FR,FR,Oil,2746.0,0.0570998563549331,157.0
FR,FR,Other,1120.0,0.0,0.0
FR,FR,Solar,13073.0,0.136764,1788.0
FR,FR,Wind Offshore,14.0,0.0,0.0
FR,FR,Wind Onshore,18537.0,0.233114,4321.0
GR,GR,Biomass,95.0,0.0,0.0
GR,GR,Fossil Brown coal/Lignite,2561.0,0.3116309085263934,798.0
GR,GR,Gas,4902.0,0.402977188511259,1975.0
GR,GR,Hydro Run-of-river and poundage,312.0,0.0,0.0
GR,GR,Hydro Water Reservoir,2403.0,0.1390010964224703,334.0
GR,GR,Other,1440.0,0.41,590.0
GR,GR,Other renewable,106.0,0.0,0.0
GR,GR,Solar,4073.0,0.165151,673.0
GR,GR,Wind Onshore,4649.0,0.24863,1156.0
HR,HR,Biomass,108.0,0.6774213775805518,73.0
HR,HR,Fossil Hard coal,217.0,0.5126578230731144,111.0
HR,HR,Gas,743.0,0.3335673285520259,248.0
HR,HR,Geothermal,10.0,0.791381,8.0
HR,HR,Hydro Run-of-river and poundage,427.0,0.4431073005130208,189.0
HR,HR,Hydro Water Reservoir,1445.0,0.28981617506773,419.0
HR,HR,Oil,344.0,0.0056865640365881,2.0
HR,HR,Other renewable,54.0,0.8783221507781195,47.0
HR,HR,Solar,138.0,0.119573,17.0
HR,HR,Waste,6.0,0.0616248097412481,0.0
HR,HR,Wind Onshore,987.0,0.247207,244.0
HU,HU,Biomass,213.0,0.4537674713927265,97.0
HU,HU,Fossil Brown coal/Lignite,1007.0,0.439501580587728,443.0
HU,HU,Fossil Hard coal,42.0,0.2,8.0
HU,HU,Gas,4011.0,0.2138713194146122,858.0
HU,HU,Geothermal,3.0,0.449011,1.0
HU,HU,Hydro Run-of-river and poundage,30.0,0.3624130841553281,11.0
HU,HU,Hydro Water Reservoir,28.0,0.4271295467517642,12.0
HU,HU,Nuclear,1910.0,0.923337234475885,1764.0
HU,HU,Oil,420.0,0.0015130871054505,1.0
HU,HU,Other renewable,69.0,0.163301848578583,11.0
HU,HU,Solar,2968.0,0.131631,391.0
HU,HU,Waste,49.0,0.2549499284033014,12.0
HU,HU,Wind Onshore,324.0,0.239319,78.0
IE,IE,Fossil Hard coal,855.0,0.1055332585649817,90.0
IE,IE,Fossil Peat,344.0,0.7020846954885419,242.0
IE,IE,Gas,4265.0,0.2795778530783108,1192.0
IE,IE,Geothermal,17.0,0.2,3.0
IE,IE,Hydro Run-of-river and poundage,216.0,0.4404083164214443,95.0
IE,IE,Oil,1272.0,0.1923456750236926,245.0
IE,IE,Other,647.0,0.0019690457538481,1.0
IE,IE,Solar,112.0,0.086311,10.0
IE,IE,Wind Offshore,25.0,0.366928,9.0
IE,IE,Wind Onshore,4314.0,0.277898,1199.0
IT-CN,IT,Biomass,184.0,0.3797561471637838,70.0
IT-CN,IT,Gas,2523.0,0.3244022525681255,818.0
IT-CN,IT,Geothermal,766.0,0.900183,690.0
IT-CN,IT,Hydro Run-of-river and poundage,301.0,0.3693667224044418,111.0
IT-CN,IT,Hydro Water Reservoir,131.0,0.2395050865235834,31.0
IT-CN,IT,Oil,16.0,0.0757079524202812,1.0
IT-CN,IT,Other,48.0,0.4379152958821172,21.0
IT-CN,IT,Solar,2058.0,0.132913,274.0
IT-CN,IT,Wind Onshore,163.0,0.206263,34.0
IT-CS,IT,Biomass,271.0,0.3797561471637838,103.0
IT-CS,IT,Fossil Hard coal,1845.0,0.4909547612458571,906.0
IT-CS,IT,Gas,6379.0,0.3244022525681255,2069.0
IT-CS,IT,Hydro Run-of-river and poundage,1302.0,0.3693667224044418,481.0
IT-CS,IT,Hydro Water Reservoir,89.0,0.2395050865235834,21.0
IT-CS,IT,Oil,96.0,0.0757079524202812,7.0
IT-CS,IT,Other,213.0,0.4379152958821172,93.0
IT-CS,IT,Solar,2964.0,0.132913,394.0
IT-CS,IT,Wind Onshore,720.0,0.206263,149.0
IT-N,IT,Biomass,2402.0,0.3797561471637838,912.0
IT-N,IT,Fossil Hard coal,1450.0,0.4909547612458571,712.0
IT-N,IT,Gas,27135.0,0.3244022525681255,8803.0
IT-N,IT,Hydro Run-of-river and poundage,6852.0,0.3693667224044418,2531.0
IT-N,IT,Hydro Water Reservoir,2119.0,0.2395050865235834,508.0
IT-N,IT,Oil,40.0,0.0757079524202812,3.0
IT-N,IT,Other,349.0,0.4379152958821172,153.0
IT-N,IT,Solar,10170.0,0.132913,1352.0
IT-N,IT,Waste,50.0,0.2918941123564411,15.0
IT-N,IT,Wind Onshore,163.0,0.206263,34.0
IT-S,IT,Biomass,803.0,0.3797561471637838,305.0
IT-S,IT,Fossil Hard coal,1815.0,0.4909547612458571,891.0
IT-S,IT,Gas,10162.0,0.3244022525681255,3297.0
IT-S,IT,Hydro Run-of-river and poundage,777.0,0.3693667224044418,287.0
IT-S,IT,Hydro Water Reservoir,141.0,0.2395050865235834,34.0
IT-S,IT,Oil,66.0,0.0757079524202812,5.0
IT-S,IT,Other,41.0,0.4379152958821172,18.0
IT-S,IT,Solar,4833.0,0.132913,642.0
IT-S,IT,Wind Onshore,7106.0,0.206263,1466.0
IT-Sar,IT,Biomass,104.0,0.3797561471637838,39.0
IT-Sar,IT,Fossil Hard coal,966.0,0.4909547612458571,474.0
IT-Sar,IT,Gas,909.0,0.3244022525681255,295.0
IT-Sar,IT,Hydro Run-of-river and poundage,100.0,0.3693667224044418,37.0
IT-Sar,IT,Hydro Water Reservoir,72.0,0.2395050865235834,17.0
IT-Sar,IT,Oil,251.0,0.0757079524202812,19.0
IT-Sar,IT,Other,42.0,0.4379152958821172,18.0
IT-Sar,IT,Solar,1001.0,0.132913,133.0
IT-Sar,IT,Wind Onshore,1089.0,0.206263,225.0
IT-Sic,IT,Biomass,69.0,0.3797561471637838,26.0
IT-Sic,IT,Gas,4528.0,0.3244022525681255,1469.0
IT-Sic,IT,Hydro Run-of-river and poundage,88.0,0.3693667224044418,33.0
IT-Sic,IT,Oil,866.0,0.0757079524202812,66.0
IT-Sic,IT,Solar,1542.0,0.132913,205.0
IT-Sic,IT,Wind Onshore,2010.0,0.206263,415.0
LT,LT,Biomass,99.0,0.4859303652968036,48.0
LT,LT,Gas,1887.0,0.026811463590483,51.0
LT,LT,Hydro Run-of-river and poundage,128.0,0.3236863227739726,41.0
LT,LT,Other,37.0,0.1281710697977821,5.0
LT,LT,Solar,251.0,0.062621,16.0
LT,LT,Waste,48.0,0.7992498369210698,38.0
LT,LT,Wind Onshore,671.0,0.282555,190.0
LV,LV,Biomass,149.0,0.5386632963687759,80.0
LV,LV,Gas,1021.0,0.3478096589740425,355.0
LV,LV,Hydro Run-of-river and poundage,1578.0,0.151583561050436,239.0
LV,LV,Solar,7.0,0.103436,1.0
LV,LV,Wind Onshore,77.0,0.218567,17.0
NL,NL,Biomass,560.0,0.0052800922656875,3.0
NL,NL,Fossil Hard coal,4012.0,0.6219367950648252,2495.0
NL,NL,Gas,18500.0,0.5228619370320514,9673.0
NL,NL,Hydro Run-of-river and poundage,38.0,0.0,0.0
NL,NL,Nuclear,485.0,0.8693904203543981,422.0
NL,NL,Other,1.0,0.0,0.0
NL,NL,Solar,14823.0,0.087505,1297.0
NL,NL,Waste,780.0,0.3350736738111589,261.0
NL,NL,Wind Offshore,2460.0,0.35832,881.0
NL,NL,Wind Onshore,5186.0,0.242354,1257.0
NO1,NO,Biomass,2.0,0.2,0.0
NO1,NO,Gas,6.0,0.5327439929081995,3.0
NO1,NO,Hydro Run-of-river and poundage,2504.0,0.2000867391711415,501.0
NO1,NO,Hydro Water Reservoir,1430.0,0.4941462541505027,707.0
NO1,NO,Waste,32.0,0.2,6.0
NO1,NO,Wind Onshore,385.0,0.259841,100.0
NO2,NO,Gas,9.0,0.5327439929081995,5.0
NO2,NO,Hydro Run-of-river and poundage,1382.0,0.2000867391711415,277.0
NO2,NO,Hydro Water Reservoir,9815.0,0.4941462541505027,4850.0
NO2,NO,Waste,22.0,0.2,4.0
NO2,NO,Wind Onshore,1444.0,0.259841,375.0
NO3,NO,Gas,180.0,0.5327439929081995,96.0
NO3,NO,Hydro Run-of-river and poundage,1409.0,0.2000867391711415,282.0
NO3,NO,Hydro Water Reservoir,3442.0,0.4941462541505027,1701.0
NO3,NO,Other,31.0,0.2,6.0
NO3,NO,Other renewable,22.0,0.2,4.0
NO3,NO,Waste,4.0,0.2,1.0
NO3,NO,Wind Onshore,2126.0,0.259841,552.0
NO4,NO,Gas,252.0,0.5327439929081995,134.0
NO4,NO,Hydro Run-of-river and poundage,584.0,0.2000867391711415,117.0
NO4,NO,Hydro Water Reservoir,4889.0,0.4941462541505027,2416.0
NO4,NO,Other renewable,77.0,0.2,15.0
NO4,NO,Wind Onshore,1151.0,0.259841,299.0
NO5,NO,Gas,192.0,0.5327439929081995,102.0
NO5,NO,Hydro Run-of-river and poundage,798.0,0.2000867391711415,160.0
NO5,NO,Hydro Water Reservoir,7107.0,0.4941462541505027,3512.0
NO5,NO,Waste,32.0,0.2,6.0
PL,PL,Biomass,880.0,0.2776442306400016,244.0
PL,PL,Fossil Brown coal/Lignite,7597.0,0.5380618912332968,4088.0
PL,PL,Fossil Hard coal,20925.0,0.390881120763871,8179.0
PL,PL,Gas,2827.0,0.5342758398881404,1510.0
PL,PL,Hydro Run-of-river and poundage,447.0,0.3685072972006782,165.0
PL,PL,Hydro Water Reservoir,157.0,0.0912724149389844,14.0
PL,PL,Oil,359.0,0.4460169444902899,160.0
PL,PL,Solar,7091.0,0.061162,434.0
PL,PL,Wind Onshore,6967.0,0.278963,1944.0
RO,RO,Biomass,117.0,0.4289060948977566,50.0
RO,RO,Fossil Brown coal/Lignite,2483.0,0.4686916318596392,1164.0
RO,RO,Fossil Hard coal,986.0,0.1267720611659764,125.0
RO,RO,Gas,2184.0,0.3507648740566101,766.0
RO,RO,Hydro Run-of-river and poundage,2746.0,0.4260362988971861,1170.0
RO,RO,Hydro Water Reservoir,3388.0,0.1816996237919443,616.0
RO,RO,Nuclear,1300.0,0.9907759922725676,1288.0
RO,RO,Solar,1394.0,0.145549,203.0
RO,RO,Wind Onshore,3015.0,0.25675,774.0
RS,RS,Biomass,2.0,0.24,0.0
RS,RS,Fossil Brown coal/Lignite,4470.0,0.4782491493135601,2138.0
RS,RS,Gas,297.0,0.0068642216932363,2.0
RS,RS,Hydro Run-of-river and poundage,2037.0,0.5100702765708992,1039.0
RS,RS,Hydro Water Reservoir,472.0,0.2103519969055217,99.0
RS,RS,Other,25.0,0.9651692806857184,24.0
RS,RS,Solar,12.0,0.136481,2.0
RS,RS,Wind Onshore,398.0,0.249252,99.0
SE1,SE,Gas,1.0,0.22,0.0
SE1,SE,Hydro Run-of-river and poundage,150.0,0.459,69.0
SE1,SE,Hydro Water Reservoir,5170.0,0.459,2373.0
SE1,SE,Other,273.0,0.22,60.0
SE1,SE,Solar,9.0,0.1085,1.0
SE1,SE,Wind Onshore,1652.0,0.276621,457.0
SE2,SE,Gas,2.0,0.22,0.0
SE2,SE,Hydro Run-of-river and poundage,667.0,0.459,306.0
SE2,SE,Hydro Water Reservoir,7409.0,0.459,3401.0
SE2,SE,Other,682.0,0.22,150.0
SE2,SE,Solar,67.0,0.1085,7.0
SE2,SE,Wind Onshore,3876.0,0.276621,1072.0
SE3,SE,Gas,962.0,0.22,212.0
SE3,SE,Hydro Run-of-river and poundage,1793.0,0.459,823.0
SE3,SE,Hydro Water Reservoir,800.0,0.459,367.0
SE3,SE,Nuclear,6871.0,0.8564331921881964,5885.0
SE3,SE,Other,2807.0,0.22,618.0
SE3,SE,Solar,774.0,0.1085,84.0
SE3,SE,Wind Onshore,2891.0,0.276621,800.0
SE4,SE,Gas,618.0,0.22,136.0
SE4,SE,Hydro Run-of-river and poundage,345.0,0.459,158.0
SE4,SE,Other,1545.0,0.22,340.0
SE4,SE,Solar,240.0,0.1085,26.0
SE4,SE,Wind Onshore,1598.0,0.276621,442.0
SI,SI,Biomass,16.0,0.6005640612409348,10.0
SI,SI,Fossil Brown coal/Lignite,981.0,0.495037705825377,486.0
SI,SI,Gas,548.0,0.0828946144760948,45.0
SI,SI,Hydro Run-of-river and poundage,1125.0,0.4685406340657482,527.0
SI,SI,Nuclear,696.0,0.9041346835144072,629.0
SI,SI,Solar,461.0,0.118484,55.0
SI,SI,Waste,4.0,0.2094720319634703,1.0
SI,SI,Wind Onshore,3.0,0.205314,1.0
SK,SK,Biomass,234.0,0.4383689668416335,103.0
SK,SK,Fossil Brown coal/Lignite,276.0,0.4496821489726027,124.0
SK,SK,Fossil Hard coal,1.0,0.1951362631459327,0.0
SK,SK,Gas,1183.0,0.2670197261858087,316.0
SK,SK,Hydro Run-of-river and poundage,1212.0,0.3765277714778191,456.0
SK,SK,Hydro Water Reservoir,418.0,0.0879719145310349,37.0
SK,SK,Nuclear,2003.0,0.9030382361248412,1809.0
SK,SK,Oil,259.0,0.2343927118312812,61.0
SK,SK,Other,627.0,0.3410696729370125,214.0
SK,SK,Other renewable,115.0,0.5355012990080302,62.0
SK,SK,Solar,537.0,0.129299,69.0
SK,SK,Wind Onshore,4.0,0.162221,1.0
