Country,Tech,CapacityFactor,Source
AT,Biomass,0.4989440981872201,ENTSOE
AT,Fossil Hard coal,0.2387224920205861,ENTSOE
AT,Gas,0.2599880473579576,ENTSOE
AT,Geothermal,0.0183,IRENA
AT,Hydro Run-of-river and poundage,0.5658111246344149,ENTSOE
AT,Hydro Water Reservoir,0.2238659062306044,ENTSOE
AT,Oil,0.0,ENTSOE
AT,Other,0.9649122807017544,ENTSOE
AT,Other renewable,0.0,ENTSOE
AT,Solar,0.114668,IRENA
AT,Waste,0.6666666666666666,ENTSOE
AT,Wind Onshore,0.24124,IRENA
BE,Biomass,0.4382892473772404,ENTSOE
BE,Gas,0.5012609967047585,ENTSOE
BE,Hydro Run-of-river and poundage,0.1030812189231537,ENTSOE
BE,Nuclear,0.7956418932676254,ENTSOE
BE,Oil,0.0010193022465949,ENTSOE
BE,Other,0.0,ENTSOE
BE,Solar,0.10796,IRENA
BE,Waste,0.6332656484172094,ENTSOE
BE,Wind Offshore,0.350161,IRENA
BE,Wind Onshore,0.236671,IRENA
BG,Biomass,0.3599160804640257,ENTSOE
BG,Fossil Brown coal/Lignite,0.5101867279485534,ENTSOE
BG,Fossil Hard coal,0.1682234749371504,ENTSOE
BG,Gas,0.2035433530510585,ENTSOE
BG,Hydro Run-of-river and poundage,0.2320920809843286,ENTSOE
BG,Hydro Water Reservoir,0.1137003330053735,ENTSOE
BG,Nuclear,0.9451090753424658,ENTSOE
BG,Solar,0.147785,IRENA
BG,Waste,0.5819444444444445,ENTSOE
BG,Wind Onshore,0.229438,IRENA
CH,Hydro Run-of-river and poundage,0.49,energy-charts (CH)
CH,Hydro Water Reservoir,0.27,energy-charts (CH)
CH,Nuclear,0.8706059535364775,ENTSOE
CH,Solar,0.100359,IRENA
CH,Wind Onshore,0.197075,IRENA
CZ,Biomass,0.5582611301369863,ENTSOE
CZ,Fossil Brown coal/Lignite,0.4292280132933452,ENTSOE
CZ,Fossil Hard coal,0.1904654680365296,ENTSOE
CZ,Gas,0.48879188772696,ENTSOE
CZ,Hydro Run-of-river and poundage,0.2893975747135865,ENTSOE
CZ,Hydro Water Reservoir,0.1639718144166105,ENTSOE
CZ,Nuclear,0.8075532630317827,ENTSOE
CZ,Oil,0.2,ENTSOE
CZ,Other,0.2,ENTSOE
CZ,Other renewable,0.6742314497716895,ENTSOE
CZ,Solar,0.124027,IRENA
CZ,Waste,0.2127180365296803,ENTSOE
CZ,Wind Onshore,0.222451,IRENA
DE,Biomass,0.5839463435257832,ENTSOE
DE,Fossil Brown coal/Lignite,0.5530306133105938,ENTSOE
DE,Fossil Hard coal,0.2158051472360374,ENTSOE
DE,Gas,0.2048359227366803,ENTSOE
DE,Geothermal,0.599167,IRENA
DE,Hydro Run-of-river and poundage,0.4183232838008249,ENTSOE
DE,Hydro Water Reservoir,0.1731480113416496,ENTSOE
DE,Nuclear,0.8522310777714438,ENTSOE
DE,Oil,0.1040866846128365,ENTSOE
DE,Other,0.3076408222875418,ENTSOE
DE,Other renewable,0.3518510359090275,ENTSOE
DE,Solar,0.107106,IRENA
DE,Waste,0.4089033648038913,ENTSOE
DE,Wind Offshore,0.370956,IRENA
DE,Wind Onshore,0.203518,IRENA
DK,Biomass,0.2456986937775444,ENTSOE
DK,Fossil Hard coal,0.1191314334102694,ENTSOE
DK,Gas,0.1647565485090594,ENTSOE
DK,Hydro Run-of-river and poundage,0.0,ENTSOE
DK,Oil,0.0301504763459436,ENTSOE
DK,Other renewable,0.0,ENTSOE
DK,Solar,0.09824,IRENA
DK,Waste,0.3906059741248097,ENTSOE
DK,Wind Offshore,0.397587,IRENA
DK,Wind Onshore,0.240527,IRENA
EE,Biomass,0.4146232005298197,ENTSOE
EE,Fossil Peat,0.2,ENTSOE
EE,Gas,0.3231525935535128,ENTSOE
EE,Hydro Run-of-river and poundage,0.3510634210071279,ENTSOE
EE,Oil,0.2316047350898989,ENTSOE
EE,Other renewable,0.4885613157478278,ENTSOE
EE,Solar,0.106394,IRENA
EE,Waste,0.7224537344899096,ENTSOE
EE,Wind Onshore,0.263295,IRENA
FI,Biomass,0.3763806204375867,ENTSOE
FI,Fossil Hard coal,0.233893986954831,ENTSOE
FI,Fossil Peat,0.3739861806770865,ENTSOE
FI,Gas,0.2681242954853747,ENTSOE
FI,Hydro Run-of-river and poundage,0.4149903105835117,ENTSOE
FI,Nuclear,0.9385411491765246,ENTSOE
FI,Oil,0.0010496073823579,ENTSOE
FI,Other,0.2880540289284445,ENTSOE
FI,Other renewable,0.0907649734378053,ENTSOE
FI,Solar,0.081954,IRENA
FI,Waste,0.1824157287031381,ENTSOE
FI,Wind Offshore,0.843443,IRENA
FI,Wind Onshore,0.305363,IRENA
FR,Biomass,0.1818351860653741,ENTSOE
FR,Fossil Hard coal,0.0459658524398022,ENTSOE
FR,Gas,0.3616238259736052,ENTSOE
FR,Geothermal,0.879469,IRENA
FR,Hydro Run-of-river and poundage,0.4206658413726556,ENTSOE
FR,Hydro Water Reservoir,0.1902015800553857,ENTSOE
FR,Nuclear,0.6835128823830221,ENTSOE
FR,Oil,0.0570998563549331,ENTSOE
FR,Other,0.0,ENTSOE
FR,Solar,0.136764,IRENA
FR,Waste,0.2,ENTSOE
FR,Wind Offshore,0.0,IRENA
FR,Wind Onshore,0.233114,IRENA
GR,Biomass,0.0,ENTSOE
GR,Fossil Brown coal/Lignite,0.3116309085263934,ENTSOE
GR,Gas,0.402977188511259,ENTSOE
GR,Hydro Run-of-river and poundage,0.0,ENTSOE
GR,Hydro Water Reservoir,0.1390010964224703,ENTSOE
GR,Other,0.41,Ember 1.44GW and 5.23 TWh (2019)
GR,Other renewable,0.0,ENTSOE
GR,Solar,0.165151,IRENA
GR,Wind Onshore,0.24863,IRENA
HR,Biomass,0.6774213775805518,ENTSOE
HR,Fossil Hard coal,0.5126578230731144,ENTSOE
HR,Gas,0.3335673285520259,ENTSOE
HR,Geothermal,0.791381,IRENA
HR,Hydro Run-of-river and poundage,0.4431073005130208,ENTSOE
HR,Hydro Water Reservoir,0.28981617506773,ENTSOE
HR,Oil,0.0056865640365881,ENTSOE
HR,Other renewable,0.8783221507781195,ENTSOE
HR,Solar,0.119573,IRENA
HR,Waste,0.0616248097412481,ENTSOE
HR,Wind Onshore,0.247207,IRENA
HU,Biomass,0.4537674713927265,ENTSOE
HU,Fossil Brown coal/Lignite,0.439501580587728,ENTSOE
HU,Gas,0.2138713194146122,ENTSOE
HU,Geothermal,0.449011,IRENA
HU,Hydro Run-of-river and poundage,0.3624130841553281,ENTSOE
HU,Hydro Water Reservoir,0.4271295467517642,ENTSOE
HU,Nuclear,0.923337234475885,ENTSOE
HU,Oil,0.0015130871054505,ENTSOE
HU,Other,0.2,ENTSOE
HU,Other renewable,0.163301848578583,ENTSOE
HU,Solar,0.131631,IRENA
HU,Waste,0.2549499284033014,ENTSOE
HU,Wind Onshore,0.239319,IRENA
IE,Fossil Hard coal,0.1055332585649817,ENTSOE
IE,Fossil Peat,0.7020846954885419,ENTSOE
IE,Gas,0.2795778530783108,ENTSOE
IE,Hydro Run-of-river and poundage,0.4404083164214443,ENTSOE
IE,Oil,0.1923456750236926,ENTSOE
IE,Other,0.0019690457538481,ENTSOE
IE,Solar,0.086311,IRENA
IE,Wind Offshore,0.366928,IRENA
IE,Wind Onshore,0.277898,IRENA
IT,Biomass,0.3797561471637838,ENTSOE
IT,Fossil Hard coal,0.4909547612458571,ENTSOE
IT,Gas,0.3244022525681255,ENTSOE
IT,Geothermal,0.900183,IRENA
IT,Hydro Run-of-river and poundage,0.3693667224044418,ENTSOE
IT,Hydro Water Reservoir,0.2395050865235834,ENTSOE
IT,Oil,0.0757079524202812,ENTSOE
IT,Other,0.4379152958821172,ENTSOE
IT,Solar,0.132913,IRENA
IT,Waste,0.2918941123564411,ENTSOE
IT,Wind Onshore,0.206263,IRENA
LT,Biomass,0.4859303652968036,ENTSOE
LT,Gas,0.026811463590483,ENTSOE
LT,Hydro Run-of-river and poundage,0.3236863227739726,ENTSOE
LT,Other,0.1281710697977821,ENTSOE
LT,Solar,0.062621,IRENA
LT,Waste,0.7992498369210698,ENTSOE
LT,Wind Onshore,0.282555,IRENA
LV,Biomass,0.5386632963687759,ENTSOE
LV,Gas,0.3478096589740425,ENTSOE
LV,Hydro Run-of-river and poundage,0.151583561050436,ENTSOE
LV,Solar,0.103436,IRENA
LV,Wind Onshore,0.218567,IRENA
NL,Biomass,0.0052800922656875,ENTSOE
NL,Fossil Hard coal,0.6219367950648252,ENTSOE
NL,Gas,0.5228619370320514,ENTSOE
NL,Hydro Run-of-river and poundage,0.0,ENTSOE
NL,Nuclear,0.8693904203543981,ENTSOE
NL,Other,0.0,ENTSOE
NL,Solar,0.087505,IRENA
NL,Waste,0.3350736738111589,ENTSOE
NL,Wind Offshore,0.35832,IRENA
NL,Wind Onshore,0.242354,IRENA
NO,Gas,0.5327439929081995,ENTSOE
NO,Hydro Run-of-river and poundage,0.2000867391711415,ENTSOE
NO,Hydro Water Reservoir,0.4941462541505027,ENTSOE
NO,Other,0.2,ENTSOE
NO,Solar,0.087005,IRENA
NO,Wind Offshore,0.248164,IRENA
NO,Wind Onshore,0.259841,IRENA
PL,Biomass,0.2776442306400016,ENTSOE
PL,Fossil Brown coal/Lignite,0.5380618912332968,ENTSOE
PL,Fossil Hard coal,0.390881120763871,ENTSOE
PL,Gas,0.5342758398881404,ENTSOE
PL,Hydro Run-of-river and poundage,0.3685072972006782,ENTSOE
PL,Hydro Water Reservoir,0.0912724149389844,ENTSOE
PL,Oil,0.4460169444902899,ENTSOE
PL,Solar,0.061162,IRENA
PL,Wind Onshore,0.278963,IRENA
RO,Biomass,0.4289060948977566,ENTSOE
RO,Fossil Brown coal/Lignite,0.4686916318596392,ENTSOE
RO,Fossil Hard coal,0.1267720611659764,ENTSOE
RO,Gas,0.3507648740566101,ENTSOE
RO,Geothermal,0.0,IRENA
RO,Hydro Run-of-river and poundage,0.4260362988971861,ENTSOE
RO,Hydro Water Reservoir,0.1816996237919443,ENTSOE
RO,Nuclear,0.9907759922725676,ENTSOE
RO,Solar,0.145549,IRENA
RO,Wind Onshore,0.25675,IRENA
RS,Biomass,0.24,Irena 24MW and 11.39GWh (2019)
RS,Fossil Brown coal/Lignite,0.4782491493135601,ENTSOE
RS,Gas,0.0068642216932363,ENTSOE
RS,Hydro Run-of-river and poundage,0.5100702765708992,ENTSOE
RS,Hydro Water Reservoir,0.2103519969055217,ENTSOE
RS,Other,0.9651692806857184,ENTSOE
RS,Solar,0.136481,IRENA
RS,Wind Onshore,0.249252,IRENA
SE,Gas,0.22,SCB
SE,Hydro Run-of-river and poundage,0.459,SCB
SE,Hydro Water Reservoir,0.459,SCB
SE,Nuclear,0.8564331921881964,ENTSOE
SE,Other,0.22,SCB
SE,Solar,0.1085,IRENA
SE,Wind Offshore,0.341443,IRENA
SE,Wind Onshore,0.276621,IRENA
SI,Biomass,0.6005640612409348,ENTSOE
SI,Fossil Brown coal/Lignite,0.495037705825377,ENTSOE
SI,Gas,0.0828946144760948,ENTSOE
SI,Hydro Run-of-river and poundage,0.4685406340657482,ENTSOE
SI,Nuclear,0.9041346835144072,ENTSOE
SI,Oil,0.0003444339474098,ENTSOE
SI,Other renewable,0.0,ENTSOE
SI,Solar,0.118484,IRENA
SI,Waste,0.2094720319634703,ENTSOE
SI,Wind Onshore,0.205314,IRENA
SK,Biomass,0.4383689668416335,ENTSOE
SK,Fossil Brown coal/Lignite,0.4496821489726027,ENTSOE
SK,Fossil Hard coal,0.1951362631459327,ENTSOE
SK,Gas,0.2670197261858087,ENTSOE
SK,Hydro Run-of-river and poundage,0.3765277714778191,ENTSOE
SK,Hydro Water Reservoir,0.0879719145310349,ENTSOE
SK,Nuclear,0.9030382361248412,ENTSOE
SK,Oil,0.2343927118312812,ENTSOE
SK,Other,0.3410696729370125,ENTSOE
SK,Other renewable,0.5355012990080302,ENTSOE
SK,Solar,0.129299,IRENA
SK,Wind Onshore,0.162221,IRENA
